Почтовый,46.0321,30.1199
Адамовка,48.3167,34.2167
Akhiar,44.5888,33.5224
Ахтырка,45.5500,34.9333
Акимовка,48.9219,36.4835
Aknaszlatina,47.9667,23.8667
Алчевск,48.4689,38.8167
Александрия,51.5048,24.8502
Александрия,48.6696,33.1159
Александрия,49.8114,30.0389
Aleksandrogrigoryevka,48.0500,37.7500
Aleksandromikhaylovka,44.7667,33.5500
Александровка,45.0051,33.7522
Александровск,47.8229,35.1903
Александровка,47.1500,29.8500
Алупка,44.4189,34.0448
Алушта,44.6763,34.4078
Алушта,44.6763,34.4078
Алушта,44.6763,34.4078
Amurnizhne Днепровский,48.5000,35.0667
Амвросиевка,47.7935,38.4777
Ананьев,47.7201,29.9664
Андреевка,48.0201,37.0606
Andrushovka,50.0229,29.0202
Антонов,48.8787,25.6890
Антонова,48.4333,28.7333
Antonovtse,50.2167,25.9333
Антрацит,48.1150,39.0913
Антрацит,48.1150,39.0913
Апостолово,47.6667,33.7333
Апостолово,47.6600,33.7137
Апостолово,47.6600,33.7137
Арциз,45.9919,29.4182
Argin,45.0000,34.4667
Армянска,46.1075,33.6969
Армянск,46.1092,33.6921
Артель,49.7306,36.7147
Artelnoye Александровка,49.0175,36.1639
Артема,48.3718,37.8884
Артемовск,48.5956,37.9999
Артемовск,49.8372,36.0749
Артемовск,48.5956,37.9999
Артемовск,48.4406,38.7320
Артемовский район,48.5667,39.3333
Artemowsk,48.5956,37.9999
Арциз,45.9919,29.4182
Artеmovsk,48.4406,38.7320
Artеmovsk,48.5956,37.9999
Artеmovskiy район,48.5667,39.3333
Audzhikoy,44.6667,34.0167
Аулы,48.5271,34.4949
Авангард,49.4686,36.6228
Авдеевский,48.1399,37.7425
Авдеевский Первая,48.1333,37.7667
Авдеевский Вторая,48.1167,37.7833
Авдеевка,48.1399,37.7425
Avgustinovka,48.0333,35.0333
Аврора,45.7532,33.2683
Автозаводский район,49.0667,33.4167
Айвазовская,44.5833,34.3500
Азамат,45.1333,34.7333
Азовский,45.3167,34.3500
Babiche,50.2167,24.5333
Бабин,48.3274,25.4820
Бабинцы,50.6331,30.0239
Бабинцы,49.4167,24.6167
Baburka,47.7944,35.0546
Багерово,45.3742,36.2970
Бахчисарай,44.7552,33.8578
Бахчисарай,44.7552,33.8578
Бахмач,51.1808,32.7569
Bakumtsy,50.1286,36.0525
Balabino,47.7442,35.2173
Балаклава,44.5143,33.6001
Балаклея,49.4627,36.8595
Балаклея,49.4627,36.8595
Balki,49.3000,35.6333
Балта,47.9355,29.6198
Banovka,46.7507,36.3777
Бар,49.7833,23.4833
Бар,49.0772,27.6826
Barakhty,50.1167,30.3333
Баранова,49.6092,37.4386
Barmashovo,47.0833,32.4500
Барские Chemerisy,49.0669,27.6594
Bartativ,49.8007,23.8177
Барвенково,48.9097,37.0205
Барвенково,48.9097,37.0205
Барышевка,50.2729,28.5487
Барышевский,50.3610,31.3217
Башева,50.8833,25.1833
Баштанка,47.4072,32.4387
Батар,48.0329,22.9625
Batyatychi,50.1075,24.2657
Bavoriv,49.4415,25.7148
Bayrachki,48.3920,38.6017
Благотворительный базар,48.9500,25.5667
Бедевля,48.0000,23.6667
Белая,49.0290,25.7706
Белая,48.2500,28.2167
Белая Гора,48.4814,37.8779
Белая Криница,50.6500,29.4667
Белая Церковь,49.8094,30.1121
Belgoroddnestrovskiy,46.1952,30.3494
Belgorodka,50.3833,30.2167
Беличи,50.4667,30.3500
Beliki,49.2500,34.2833
Belilovka,49.6871,29.0377
Белицкое,48.4064,37.1811
Белогородка,50.3897,30.2253
Belogorovka,48.7358,38.2192
Белогорск,45.0546,34.6019
Белогорский,47.1993,33.1370
Белогорье,47.5264,35.9762
Белокаменка,47.5333,37.8500
Belokamensk,44.6000,33.6000
Belopolje,51.1502,34.3129
Белополье,51.1502,34.3129
Белоус,52.2981,33.6695
Белоус,51.5361,31.1872
Белоусов,49.8578,35.2404
Беловодск,49.2054,39.5828
Белое,48.4928,39.0356
Belozеrka,49.7667,26.1833
Belozеrskoye,48.5356,37.0576
Белз,50.3833,24.0167
Бердичев,49.8993,28.6023
Бердичев,49.8993,28.6023
Бердянск,46.7663,36.7988
Бердянск,46.7663,36.7988
Бердянск,46.7663,36.7988
Бердянск,46.7663,36.7988
Бердичев,49.8993,28.6023
Берег,50.2102,25.6659
Береги,48.2319,22.7459
Берегово,48.2056,22.6442
Берегово,48.2056,22.6442
Beregszеsz,48.2056,22.6442
Берегомет,48.1788,25.3485
Береговский,48.2056,22.6442
Берегово,48.2056,22.6442
Берестечко,50.3575,25.1159
Берестовая,48.7564,38.2453
Березань,50.3112,31.4671
Березанка,46.8526,31.3880
Berezanovka,48.5667,34.9167
Бережаны,49.4423,24.9323
Березовка,49.4500,35.7000
Березно,51.0009,26.7511
Bereznegovata,48.2667,34.4333
Bereznehuvate,47.3078,32.8499
Березники,50.8667,27.4833
Березовский,47.8314,38.0039
Берислав,46.8415,33.4284
Берислав,46.8415,33.4284
Берковец,50.5000,30.3667
Берковец,50.4884,30.3296
Берлин,50.1333,25.0833
Берлин,50.1444,25.0770
Бершадь,48.3678,29.5173
Берислав,46.8367,33.4236
Berеza,51.7333,33.8667
Berеzno,51.0009,26.7511
Berеzovka,45.5833,33.3333
Beshuy,44.7833,34.1000
Bezdrik,50.8703,34.9506
Bezlyudivka,49.8719,36.2952
Безрадичи,50.1667,30.6000
Bezspornaya,48.1667,32.7167
Белая,49.0290,25.7706
Белая Криница,50.6500,29.4667
Белая Церковь,49.8094,30.1121
Белая Церковь,49.8094,30.1121
Белая Церковь,49.8094,30.1121
Белая Церковь,49.8094,30.1121
Белая Церковь,49.8094,30.1121
Bilky,48.3150,23.1325
Белопольский,51.1502,34.3129
Белозерка,46.6253,32.4442
Birzula,47.7531,29.5321
Biyukhuskomya,44.4833,33.7833
Biyukyankoy,44.8167,34.2500
Благодатное,47.7000,37.4167
Blagoveshchenskoye,47.4525,34.8364
Близнюки,48.8577,36.5550
Blyshchivody,50.0500,24.0667
Blyznyuky,48.8577,36.5550
Bobove,48.0667,22.8833
Бобрик,50.0500,28.5000
Бобринец,48.0590,32.1664
Бобров,50.0478,36.3966
Bobrovytsya,50.7469,31.3948
Бобринец,48.0590,32.1664
Богатое Ushchelye,44.5500,33.8833
Bogatyrеv,47.9333,35.2000
Богдан,48.0412,24.3522
Богданов,47.8833,35.4833
Богодухов,50.1647,35.5277
Богородчаны,48.8070,24.5383
Bogushkova,49.5560,32.0969
Богуслав,49.5494,30.8744
Богдан,48.0417,24.3606
Богодухов,50.1647,35.5277
Богородчаны,48.8070,24.5383
Богуслав,49.5500,30.8833
Bojaniec,50.1667,24.1000
Болехов,49.0661,23.8644
Болгар,49.8833,35.6833
Болград,46.5000,35.1000
Болград,45.6826,28.6149
Болград,45.6833,28.6108
Bolschaja Aleksandrowka,47.3167,33.3167
Большая,50.8569,34.9892
Большая Kardashinka,46.5167,32.6500
Большая Погорелова,46.9833,32.1000
Большая Садовая,44.6333,33.8333
Большая Tsapovka,50.2403,35.8558
Bolshovtsy,49.1836,24.7447
Большой,51.0667,35.0167
Большой Дальник,46.4776,30.5576
Бондарев,48.1729,36.1109
Борислав,49.2867,23.4324
Борисов,50.1795,26.6604
Борисполь,50.3527,30.9550
Бородавка,47.8511,29.5364
Бородянка,50.6448,29.9201
Бородянка,50.6448,29.9201
Боровая,50.1763,30.1043
Боровая,49.3772,37.6192
Боровая,49.3772,37.6192
Борщевский,48.8033,26.0435
Borsovka,50.7000,29.2500
Borsuky,49.8833,25.9833
Бортничи,50.3667,30.6833
Бортничи,50.3849,30.6954
Борислав,49.2867,23.4324
Борисполь,50.3527,30.9550
Борисполь,50.3527,30.9550
Борзна,51.2546,32.4269
Боспор,45.3607,36.4706
Боспора,45.3607,36.4706
Бояны,48.2833,26.1333
Боярка,49.2667,34.2667
Боярка,50.3191,30.2973
Боярка,50.3191,30.2973
Боярка,50.3191,30.2973
Боженко,50.2833,23.7000
Боженко,50.2833,23.7000
Bozhikov,49.3167,25.0000
Bozhkovka,48.1861,38.3414
Brailovka,49.1281,36.3469
Brechnov,49.7167,34.5333
Britovka,48.1751,29.1722
Броды,50.0833,25.1500
Броды,50.0879,25.1503
Брошнев,48.9962,24.1975
Брошнев,48.9667,23.2167
Бровары,48.9667,25.4500
Бровары,50.5181,30.8067
Бровары,50.5181,30.8067
Бровары,50.5181,30.8067
Брусилов,50.2845,29.5263
Brusnitsa,48.3539,25.5981
Брусилов,50.2833,29.5333
Брянка,48.5110,38.6722
Брянка,48.5110,38.6722
Брянка,48.5110,38.6722
Брюховичи,49.9047,23.9597
Буча,50.5434,30.2120
Буча,50.5434,30.2120
Буча,50.5434,30.2120
Бучач,49.0625,25.3880
Buchak,49.8667,31.4333
Буда,51.3500,31.4333
Budenets,48.0833,25.6500
Будилов,49.5167,25.2500
Буды,49.8934,36.0224
Budеnnyy,48.9000,32.9500
Бугаз,46.0725,30.4654
Бурчак,47.3833,35.3000
Бурштын,49.2587,24.6278
Бурынь,51.1991,33.8352
Буштино,48.0512,23.4858
Бороздить,49.9655,24.6123
Бутов,50.3500,36.0125
Бутовка,49.7080,36.3820
Бузова,50.4167,30.0333
Бузова,49.5022,34.7830
Бычков,49.1000,25.7000
Быков,49.0500,23.1333
Быкова,49.5894,22.9921
Быково,48.4333,34.0500
Чабан,51.2607,28.5205
Чабаны,49.4184,26.6596
Чаплинка,46.3651,33.5403
Chaplynka,46.3651,33.5403
Charkow,49.9808,36.2527
Charukuv,50.6167,25.1000
Charvona Слобода,50.3833,29.6833
Часов Яр,48.5935,37.8572
Chazepetowka,48.3169,38.2772
Чепа,48.0706,23.0189
Cheremkhuv,49.3333,24.3667
Cherepkivtsi,48.0164,25.9679
Черкассы,49.4285,32.0621
Черкасская,48.8333,37.3833
Черкассы,49.4285,32.0621
Чернецкий,50.1000,28.2500
Chernevtsy,48.5423,28.1147
Чернигов,51.5055,31.2849
Черниговка,46.3669,32.2161
Чернигов,51.5055,31.2849
Черновцы,48.2915,25.9403
Чернобыль,51.2667,30.2333
Chernoglazovka,48.0167,34.7500
Chernorechenskoye,44.5500,33.6667
Чернов,49.2793,24.4526
Черновиц,48.2915,25.9403
Черновцы,48.2915,25.9403
Черняхов,50.4565,28.6702
Черняховская,50.0097,30.7842
Черняховская,50.4565,28.6702
Чернявский,48.4667,37.2500
Черныш,51.6149,31.5098
Херсон,46.6558,32.6178
Чертков,49.0167,25.8000
Червона Слобода,49.3789,32.1464
Червоная Знаменка,49.1537,33.4092
Червоноград,50.3910,24.2351
Червоноград,50.3910,24.2351
Chervonohryhorivka,47.6230,34.5389
Chervonopartizansk,48.0761,39.7962
Червоный Донец,49.3095,37.1611
Чигрин,47.1333,30.7333
Чистополье,45.3646,36.1861
Чкалова,47.6717,38.0590
Choklovka,50.4167,30.4500
Рубить,48.4320,22.2055
Рубить,48.4320,22.2055
Chopovichi,50.8333,28.9533
Чорнобай,49.6708,32.3239
Чернобыль,51.2667,30.2333
Черноморка,46.6543,31.5123
Chornotysiv,48.0833,23.0500
Чертковский,49.0171,25.7980
Чертковский,49.0171,25.7980
Чортков,49.0171,25.7980
Чертомлык,47.6232,34.1420
Chubarevka,49.8725,37.3542
Чуднов,50.0500,28.1167
Чуднов,50.0500,28.1167
Чугуев,49.8356,36.6864
Чугуев,49.8359,36.6880
Чумак,47.2948,38.0081
Chutove,49.7104,35.1603
Чигирин,49.0667,32.6667
CSAP,48.4320,22.2055
Дачи Ирпень,50.5167,30.2500
Дачи Nemeshayevo,50.5667,30.0833
Дальник,46.2276,30.5302
Даниловка,44.5219,34.2604
Darevka,46.1963,33.1937
Дарница,50.4333,30.6333
Дарница,50.4334,30.6725
Давыдов,49.5988,35.0797
Давыдовка,48.9833,35.4500
Дебальцево,48.3407,38.4049
Дебальцево,48.1127,36.0627
Делятин,48.5256,24.6267
Демидов,50.7284,30.3357
Демидова,47.2667,30.6833
Деньги,49.6042,32.1608
Денисов,49.4500,25.3500
Денисовка,44.9228,34.2276
Деражня,52.0239,33.7250
Деражня,49.2692,27.4338
Derezovatka,48.4833,35.4333
Дергачи,50.1066,36.1211
Дергачи,50.1066,36.1211
Дергачи,49.4000,34.5167
Дергачи,50.1066,36.1211
Deribasovka,46.4000,30.7333
Dertsen,48.3368,22.6835
Десна,50.9167,30.7500
Десна,50.9273,30.7605
Десна,50.9273,30.7605
Диканька,49.8250,34.5279
Димитров,48.3052,37.2609
Димитров,48.3052,37.2609
Димитрова,48.3052,37.2609
Diyevka,48.4667,34.8833
Дмитренко,47.0167,33.1667
Дмитрий,46.6500,30.4000
Дмитров,50.2010,24.6292
Дмитрович,49.7623,23.3579
Дмитровка,48.9253,39.1661
Дмитровка,48.8025,32.7228
Дмитровка,47.9297,38.9319
Dneprodsershinsk,48.5000,34.6167
Днепродзержинск,48.5113,34.6021
Dneprodzherzhinsk,48.5000,34.6167
Днепропетровск,48.4630,35.0390
Днепропетровской,48.4630,35.0390
Днепровский,47.5667,34.9667
Днепровский,47.5667,34.9667
Днепровское,48.3395,35.1456
Днепропетровск,48.4630,35.0390
Днепродзержинск,48.5113,34.6021
Днепрорудное,47.3817,34.9765
Dniprovka,47.4319,34.6206
Доброполье,49.1960,25.4288
Доброполье,49.9688,35.7109
Dobrostany,49.8667,23.6333
Добровеличковка,48.3878,31.1803
Dobrovlyany,48.6643,25.7522
Доброводы,49.1500,25.2167
Добровольский,49.6069,37.1514
Доброе,44.8833,34.2167
Dofinovka,46.5803,30.9060
Докучаевск,47.7477,37.6738
Докучаевск,47.7477,37.6738
Dolge,49.2167,25.7167
Долгий,50.6867,34.2122
Долгов,49.0333,24.9167
Долина,48.9452,25.7193
Долинская,48.1159,32.7695
Dolya,47.8771,37.7166
Долина,49.2117,25.7328
Долина,48.9733,24.0094
Долина,49.2117,25.7328
Донец,49.5849,36.5760
Донецк,47.9917,37.7759
Донецкий,49.1517,37.2500
Донецкое,49.1499,37.2547
Донское,47.5136,37.5373
Дорогой,48.0500,34.5500
Дорохов,49.2925,25.5421
Дорошенко,45.1954,35.9570
Драбовский,49.9667,32.1333
Драбов,49.9630,32.1529
Дрогобыч,49.3499,23.5056
Дрогобыч,49.3499,23.5056
Дрогобыч,49.3499,23.5056
Дружба,52.0454,33.9452
Дружковка,48.5791,37.6094
Дружковка,48.5791,37.6094
Дружковка,48.5791,37.6094
Дубенская,48.8500,24.1167
Dubivtsi,49.6833,25.6333
Дубляны,49.4983,23.3872
Дубно,50.4169,25.7343
Дубно,50.4169,25.7343
Дубова,48.2667,25.8167
Дубовец,50.3167,29.2500
Дубовка,50.2760,36.2109
Дубровица,49.9764,23.8171
Дударков,50.4500,30.9500
Дулово,48.1430,23.5870
Дунаевцы,48.8891,26.8564
Дунаевцах,48.8891,26.8564
Duvankoy,44.6833,33.7000
Двуречная,49.8503,37.6856
Диканька,49.8167,34.5333
Dymarka,51.5333,30.6167
Дымер,50.7865,30.3026
Дымерка,50.6000,30.9333
Dzelentsy,49.4500,26.6167
Дзержинск,48.3987,37.8479
Дзержинского,49.0688,37.9273
Джанкой,45.7117,34.3927
Джанкой,45.7117,34.3927
Джанкой,45.7117,34.3927
Dzvinogorod Der Стрыпа,49.0833,25.4000
Энергодар,47.5000,34.4667
Энергодар,47.5000,34.4667
Энергодар,47.5000,34.4667
Engelsovo,48.2975,39.6197
Эсхар,49.7987,36.5883
Евпатория,45.2009,33.3665
Фастов,50.0767,29.9177
Фастов,50.0767,29.9177
Фастов,50.0767,29.9177
Феодосия,45.0368,35.3779
Флора,47.5881,29.4740
Фонтанка,46.5626,30.8607
Форос,44.3921,33.7880
Франко,46.9959,30.8416
Fromandirovka,48.2869,38.9375
Фрунзе,45.0167,33.6333
Фрунзе,48.6686,38.7544
Fеdorovka,46.7500,31.3167
Fеdorovka,44.8667,33.9000
Гадяч,50.3711,33.9910
Галич,49.1218,24.7258
Ganzovka,49.9333,33.3167
Гаспра,44.4336,34.1030
Gassendorf,49.2333,23.6500
Гавро,44.5833,33.9667
Гайсин,48.8114,29.3898
Gelenoye,44.6000,34.0167
Геническ,46.1759,34.8034
Георгиевка,47.3000,34.2333
Георгиевка,48.4228,39.2528
Георгиевский,47.9833,35.2667
Немецкий,49.6500,23.6667
Girevka,51.1000,33.2500
Glevakha,50.2742,30.3271
Глинки,50.5798,26.4123
Глобино,49.3878,33.2596
Глотов,49.7910,38.0797
Глубокая Криница,47.3667,35.6667
Глубокий,48.4744,38.5900
Глубокий Яр,44.7915,33.9159
Глубокое,50.2667,30.9333
Глухов,51.6782,33.9162
Глушков,48.6454,25.4764
Glyboka,48.0897,25.9293
Gnedyn,50.3290,30.7106
Gnidyn,50.3290,30.7106
Гнивань,49.0890,28.3459
Гоголев,50.5167,31.0333
Гоголево,49.8186,34.1771
Голая Пристань,46.5272,32.5242
Голая Пристань,46.5272,32.5242
Голованевск,48.3840,30.4613
Головин,50.4712,28.8253
Голта,48.0280,30.8626
Голубов,49.7386,36.0836
Golyn,49.0140,24.2443
Гончаров,48.6633,25.2139
Гончарова,44.9833,35.2667
Gonoratuvka,49.4075,24.7687
Гонтарь,49.7036,36.1511
Gorbakonevka,48.7167,37.8500
Gorishni,49.0333,33.6500
Горки,48.7167,37.5500
Горловка,45.6167,34.0167
Горловка,50.4500,35.2333
Горловка,48.3470,38.0542
Горловка,48.3470,38.0542
Горловский Шахтер,48.4228,38.1039
Горняк,48.0557,37.3731
Городище,48.3217,38.6422
Городня,50.7667,32.5333
Городок,46.8333,32.7667
Городок,48.9516,29.5297
Городок,49.6014,29.1980
Городок,49.7846,23.6481
Gorodеnka,48.6727,25.5016
Горохов,50.5000,24.7667
Горохов,50.5019,24.7615
Goropai,50.0156,27.8341
Горское,48.7347,38.4954
Гостомель,50.5789,30.2622
Граков,48.9972,39.5236
Бабушка,51.5296,26.3470
Гранитное,47.4574,37.8682
Гребеники,46.8875,29.8069
Гребенюк,48.4000,25.1500
Grebеnki,49.9554,30.1932
Grodovka,48.2618,37.3821
Гроза,49.6703,37.2069
На грудь,49.4667,23.7167
Губарев,49.1526,34.4878
Gubinikha,48.8167,35.2500
Guki,49.9667,23.2667
Гуляйполе,47.6639,36.2563
Гуркин,48.7272,39.7103
Gurovka,47.2417,33.6601
Гурзуф,44.5462,34.2784
Гурзуф,44.5462,34.2784
Guselskoivanovskiy,47.9983,38.1272
Гусятин,49.0726,26.2141
Гута,51.7430,33.6286
Гута,50.6738,30.3100
Gеra,50.0500,23.4167
Гайсин,48.8114,29.3898
Hirske,48.4492,25.0453
Глобино,49.3878,33.2596
Глухов,51.6782,33.9162
Глубокая,48.0897,25.9293
Hnidyn,50.3290,30.7106
Гора,50.0500,23.4167
Горловка,48.3470,38.0542
Горловка,48.3470,38.0542
Горловка,48.3470,38.0542
Городенка,48.6727,25.5016
Городнянский,51.8833,31.6000
Городок,49.1637,26.5839
Hoshiv,51.2468,28.7303
Гостомель,50.5789,30.2622
Гурзуф,44.5462,34.2784
Гусятин,49.0726,26.2141
Гусятинский,49.0667,26.2167
Хижина,48.3126,22.5844
Huty,50.1253,35.3406
Ibraimbay,45.0667,33.7500
Ичня,50.8626,32.3943
Igrovitsa,49.7167,25.5167
Ильича,46.3667,33.4167
Ильича,50.3025,36.1713
Ильичевск,46.3049,30.6548
Ilichevskoye,44.8500,34.9667
Illarionovo,48.4000,35.2667
Ильичевск,46.3049,30.6548
Ильичевское,47.0505,37.4715
Ильинцы,49.1048,29.2177
Ильница,48.3500,23.0833
Иловайск,47.9250,38.2024
Ilpin,50.5333,26.2167
Илья,47.4641,29.3542
Имени Кирова,48.1000,37.6000
Imstichevo,48.2992,23.1885
Ингулец,46.7893,32.8264
Ирмино,48.5988,38.5917
Ирпень,50.5218,30.2506
Ирпень,50.5218,30.2506
Ирпень,50.5218,30.2506
Иршанский,50.7333,28.7333
Иршава,48.3167,23.0385
Ивана Франка,49.3660,23.3312
Иванэ,48.7177,25.6351
Иваничи,50.6388,24.3600
Ивановка,46.6500,31.6500
Иванкив,50.9386,29.8943
Иванков,50.1396,28.8774
Ivanofrankivsk,48.9215,24.7097
Ivanofrankovsk,48.9215,24.7097
Ivanopol,49.8625,28.2145
Иванов,49.4859,28.3482
Ивановка,45.0720,33.6613
Ивановск,47.8833,35.3667
Ivanovtse,48.4667,22.6500
Ivashchuki,50.2500,25.4333
Ивашков,48.1252,29.1959
Ивченко,47.2526,37.9723
Измаил,45.3493,28.8408
Измаил,45.3493,28.8408
Измаил,45.3493,28.8408
Izmaylovka,48.0667,37.6333
Изяслав,50.1195,26.8213
Изюм,49.2088,37.2485
Ялта,44.5001,34.1615
Jelenowka,47.8333,37.6667
Житомир,50.2500,28.6667
Кабаков,48.7833,34.3000
Kachaly,50.6978,29.8338
Kadubivtsi,48.5834,25.7687
Кагарлык,49.8623,30.8282
Кагарлык,49.8623,30.8282
Kailov,50.1500,30.8833
Каховка,46.8137,33.4870
Каланчак,46.2562,33.2907
Калинин,47.3217,38.1081
Калинина,47.2000,34.8333
Калининский,48.0204,39.5923
Калиновка,45.1667,34.7333
Калиновка,49.2498,35.7283
Калиновка,48.2168,28.6548
Калиновский,49.4539,28.5261
Калита,50.7520,31.0235
Калуш,49.0119,24.3731
Калуш,49.0119,24.3731
Kalyniv,49.5500,23.3167
Калиновка,49.4539,28.5261
Kamelnitskiy,49.4216,26.9965
Камена,48.2329,25.8504
Каменица,50.3500,25.7000
Каменка,44.9000,35.0000
Kamenkadneprovskaya,47.4853,34.4058
Каменное,48.1833,34.9667
Kamenopol,49.8670,24.1614
Каменка,52.0953,33.8872
Каменка,44.9918,34.1718
Камыш,46.4454,33.9503
Kamyshevka,48.1667,37.4500
Кандель,46.6486,29.9578
Канев,49.7518,31.4600
Канев,49.7500,31.4667
Канев,49.7518,31.4600
Kanеv,49.7500,31.4667
Kanеv,49.7518,31.4600
Kanеv,49.7518,31.4600
Kapitanovo,48.8311,38.7644
Карабаш,46.6167,31.2667
Карач,44.8833,34.0000
Караван,49.6020,35.8009
Karchеmka,50.1500,24.2000
Карл Маркс,48.4667,35.1667
Карла Маркса,47.7667,37.1167
Карловский,49.4567,35.1295
Карлов,48.4500,25.4667
Карловка,49.7667,35.9333
Karnaukhovka,48.4833,34.7333
Каштаны,44.8676,33.7900
Катеринополь,48.9553,30.9682
Katsivel,44.4167,34.0500
Кацивели,44.4167,34.0500
Katsmaziv,48.9000,27.9500
Кавказ,47.2876,33.0648
Казатин,49.7143,28.8338
Kegichеvka,49.2894,35.7636
Кельменцы,48.4650,26.8346
Керамик,48.2519,37.6842
Керчь,45.3607,36.4706
Keretski,48.4784,23.2197
Керчь,45.3607,36.4706
Khanzhenkovo,48.0923,38.0739
Khanzhеnkovo,48.0923,38.0739
Харьков,49.9808,36.2527
Харьковский,47.7454,38.5596
Харцызский,48.0424,38.1473
Харцызский,47.9679,38.2641
Херсон,46.6558,32.6178
Khishevichi,49.6833,23.6000
Хижа,48.1067,23.2043
Khlebovitse Велки,49.6167,24.2333
Хмель,51.4788,27.3527
Хмельник,49.5552,27.9658
Хмельницкий,49.4216,26.9965
Хмельницкий,47.7278,34.1372
Хмельницкий,49.4216,26.9965
Хмельник,49.5552,27.9658
Kholmok,48.5640,22.2667
Хорол,49.7837,33.2783
Khorosheve,49.8678,36.1650
Khorostkiv,49.2111,25.9216
Хортица,47.8667,35.0167
Хотин,51.0811,34.7709
Хотив,50.3307,30.4684
Хотов,50.3307,30.4684
Хотин,48.5069,26.4912
Крещатик,51.0167,33.7500
Хустский,48.1793,23.2991
Хустский,48.1793,23.2991
Хутор Novonikolayevskiy,48.2500,37.3167
Хутор Заячьем,48.3333,37.4500
Khutorskoye,48.7167,34.7167
Khyriv,49.5333,22.8524
Кичкас,47.8833,35.0833
Состояние опьянения,50.4333,30.5167
Киев,50.4333,30.5167
Kievpetrovsky Порт,50.4667,30.5167
Kiew,50.4333,30.5167
Kiew,50.4333,30.5167
Kijеw,50.4333,30.5167
Килия,45.4552,29.2637
Кирилловка,49.5213,35.6147
Кирилловка,47.3186,37.6747
Кирова,49.0234,37.9316
Кирово,46.7167,32.1000
Кировоград,48.5132,32.2597
Кировоград,48.5132,32.2597
Кировоград,48.5132,32.2597
Кировоград,48.5132,32.2597
Кировоград,48.5132,32.2597
Кировоград,48.5132,32.2597
Кировоград,48.5132,32.2597
Кировоград,48.5132,32.2597
Кировоград,48.5132,32.2597
Кировоград,48.5132,32.2597
Кировоград,48.5132,32.2597
Кировоград,48.5132,32.2597
Кировоград,48.5132,32.2597
Кировоград,48.5132,32.2597
Кировоград,48.5132,32.2597
Кировск,49.0234,37.9316
Кировское,45.2297,35.1999
Кировское,45.2333,35.2167
Кировское,48.5469,34.8557
Kisberezna,48.8667,22.4500
Киселев,48.5813,25.6599
Kiselеv,48.5813,25.6599
Kishrat,48.5167,22.2667
Кицмань,48.4436,25.7668
Киверцы,50.8342,25.4582
Киверцы,50.8342,25.4582
Kizyna,50.0833,24.1333
Klenovyy,48.1181,39.4569
Klepinino,45.5280,34.1832
Клевань,50.7431,25.9763
Klimashеvka,49.5200,26.9935
Klinovoye,48.5672,38.1664
Klishkivtsi,48.4333,26.2667
Клочков,51.6097,31.5933
Kmitov,50.3041,28.8844
Knet,45.2333,35.3500
Княжичи,51.8846,34.0641
Кобеляки,49.1489,34.1965
Кобелякского,49.1489,34.1965
Кобыжча,50.8333,31.5000
Кочеток,49.8800,36.7372
Кочуров,48.1333,25.9333
Коктебель,44.9615,35.2466
Kolchino,48.4647,22.7636
Кольчугино,44.9333,33.7833
Колесников,49.7567,36.1122
Kolodeznoye,45.0333,33.8667
Kolodyanka,50.4333,27.5000
Коломак,49.8399,35.3044
Коломыя,48.5312,25.0365
Коломыя,48.5312,25.0365
Коломыя,48.5312,25.0365
Kolonshchina,50.4500,29.9667
Колос,52.3366,33.3146
Kolyadovka,49.0846,39.2010
Комарно,49.6274,23.6995
Комарова,48.5615,26.9904
Комаровка,45.3500,34.1667
Коммунист,49.5356,36.7144
Kompaniyivka,48.2511,32.2079
Комсомолец,49.7756,37.4497
Комсомолец,48.3500,37.9667
Комсомольск,48.3786,23.8432
Комсомольск,49.0087,33.6335
Комсомольск,49.0087,33.6335
Комсомольское,49.0500,25.9167
Комсомольский,47.6768,37.4248
Комсомольское,49.0500,25.9167
Komyshany,46.6372,32.5072
Konechnyy,46.6000,34.8167
Конев,49.5741,22.9607
Конотоп,51.2403,33.2026
Konotopy,50.2371,27.3149
Коновалов,47.4667,35.5500
Константиновка,49.8784,28.3185
Константиновка,47.8665,37.4070
Konstantovka,49.7831,36.2586
Копани,48.9000,36.0500
Копани,46.8053,32.2703
Kopanky,49.0833,24.3833
Kopychyntsi,49.1044,25.9103
Копылов,50.4097,29.8902
Кореиз,44.4337,34.0852
Korobochkino,49.7772,36.8157
Королево,48.1500,23.1333
Коропец,48.9315,25.1796
Коростень,50.9594,28.6385
Коростень,50.9594,28.6385
Коростышев,50.3172,29.0563
Коростышев,50.3167,29.0667
Коротич,49.9455,36.0406
Koroviya,48.2289,25.9705
Korpiluvka,50.6833,26.1333
Корсунь,50.0756,34.3914
Корсунь,49.4333,31.2500
Корсунь,48.2019,38.0956
Koryukivka,51.7688,32.2481
Корюковка,51.7688,32.2481
Кошелев,47.9167,38.0500
Koshelеv,47.9167,38.0500
Косов,48.3107,25.0958
Косов,49.0945,25.6272
Костополь,50.8784,26.4519
Костополь,50.8833,26.4500
Константиновка,48.5333,37.7167
Константиновка,46.8172,35.4211
Котельва,50.0686,34.7586
Kotivka,49.0826,25.9119
Kotovaniya,49.4444,23.3467
Котовск,47.7531,29.5321
Котовский,47.3333,30.7833
Котовского,47.7000,33.0167
Коцюбинского,50.5000,30.3667
Коцюбинского,50.4884,30.3296
Kotsyubynske,51.4532,30.2460
Коваленков,49.9500,35.8667
Ковалев,47.9819,39.5206
Ковалевка,45.5333,33.4333
Kovalеvka,45.5333,33.4333
Kovalеvka,49.9806,30.0148
Ковель,51.2153,24.7087
Ковель,51.2153,24.7087
Kovsharovka,49.6212,37.7036
Козара,49.2500,24.4333
Козелец,50.9133,31.1214
Kozhukhovka,50.2500,30.2333
Козин,50.2677,25.4623
Козино,50.2333,30.6500
Козлов,49.9667,24.5333
Козлов,49.5557,25.3442
Козова,49.4354,25.1509
Казатин,49.7143,28.8338
Краматорск,48.7231,37.5563
Красилов,49.6519,26.9725
Красная Армия,49.9500,36.3667
Красное,49.9145,24.6134
Красноармейск,49.0833,35.4667
Красноармейск,48.2820,37.1758
Красноармейск,47.1500,31.0333
Красноармейский,49.8733,37.2417
Красноармейск,48.2820,37.1758
Краснодон,48.2923,39.7373
Красногоровка,49.6773,33.7448
Красногоровка,48.0077,37.5140
Красноград,49.3814,35.4402
Красногвардейский,48.5958,38.7530
Красноград,49.3814,35.4402
Краснокаменка,44.5638,34.2888
Краснокутск,50.0660,35.1628
Красноперекопск,45.9572,33.7965
Краснополье,50.7746,35.2596
Krasnotorka,48.6820,37.5327
Krasnovka,47.4000,37.4333
Красный Лиман,48.9884,37.8022
Красный Лиман,47.9667,36.2833
Красный Луч,48.1395,38.9372
Красный,48.0694,39.5527
Красный Кут,48.2072,38.7936
Красный Лиман,48.7275,38.9669
Красный Лиман,49.1122,36.8078
Красный Луч,48.1395,38.9372
Красный Октябрь,48.2500,38.2000
Красный Пахарь,48.2867,38.3050
Красилов,49.6519,26.9725
Кременчуг,49.0720,33.4275
Кременец,50.0969,25.7246
Кременная,47.9225,37.5710
Кременная,49.0495,38.2179
Кременная,49.0495,38.2179
Крещатик,48.6167,25.7333
Крещатик,48.6285,25.7453
Kreshchеnka,47.3833,33.8333
Krinichki,51.4000,29.1667
Криничная,48.1290,38.0260
Крива,48.1723,23.2365
Krivorotovka,48.6333,37.8500
Кривой,48.1500,25.9000
Кривой Рог,46.4286,34.2498
Krizhopol,48.3829,28.8662
Кролевец,51.5478,33.3848
Krushchеvaya Никитовка,50.0667,35.5000
Krykhivtsi,48.8983,24.6633
Krymki,48.8500,32.0667
Крымская,45.2000,33.8000
Крымский,46.9404,36.4659
Krynychky,48.3667,34.4500
Кривой Рог,47.9097,33.3804
Kryzhanivka,46.5617,30.7949
Крыжополь,48.3829,28.8662
Ksaverivka,49.2655,28.2991
Ксаверовка,50.0500,30.2167
Kukhmisterskaya Слобода,50.4167,30.6000
Кульчин,50.8197,25.3193
Kulebovka,48.6320,35.1879
Куликов,49.9920,24.0437
Куликовка,45.2181,33.6133
Кулиничи,49.9823,36.3842
Куликов,50.3142,24.8176
Кулиничи,49.9823,36.3842
Kumbeteli,44.9333,33.8833
Куна,48.7832,29.3495
Kupichvolya,50.1667,24.1833
Купин,50.2495,37.4708
Kupjansk,49.7209,37.5998
Купянск,49.7209,37.5998
Курахово,47.9852,37.2821
Куреневке,50.4917,30.4372
Kurenеvka,50.4833,30.4667
Kurenеvka,50.4917,30.4372
Курилов,50.5535,34.7219
Куриловка,48.5667,34.5833
Курпаты,44.4333,34.1167
Kurtluk,44.9333,34.5500
Куты,48.2533,25.1778
Kuyanivka,51.0688,34.1900
Kuybysheve,44.6290,33.8689
Кузьмин,49.2603,26.5225
Kuzmyn,49.2603,26.5225
Кузнецова,47.7526,30.9658
Kuznetsovka,48.2780,38.0720
Кузнецовск,51.6833,25.8667
Квасилов,50.5623,26.2594
Киев,50.4333,30.5167
Labach,50.0333,24.8667
Ладыжин,48.6850,29.2368
Ладыжин,48.6850,29.2368
Lagodiv,49.7167,24.5333
Лановцы,49.8633,26.0908
Ланы,49.5990,24.2965
Лапшин,49.4874,24.9208
Lasowe,50.1000,24.8333
Ласпи,44.4167,33.7333
Лазурное,46.0667,32.5333
Лебедин,50.5852,34.4849
Лебедин,48.9581,31.5272
Лебедин,50.5852,34.4849
Lelechowka,49.9500,23.6833
Леман,49.4601,34.1234
Лемберг,49.8407,24.0305
Ленина,49.9833,36.4781
Ленина,48.4294,39.1456
Ленинский,45.2986,35.7771
Ленино,50.4167,29.2333
Ленино,51.2167,29.4500
Ленинский,47.1440,37.8596
Лесной,48.2419,38.2753
Letava,48.9057,26.3158
Летичев,49.3826,27.6305
Летичевский,49.3826,27.6305
Леваневского,49.0500,34.3833
Леваневского,49.0627,34.3763
Левков,50.2500,28.8333
Likhachеvka,49.9333,34.6833
Лиман,48.3520,37.2060
Лиман,49.0039,36.6003
Lipiny,50.7645,25.4076
Липицкой Gurna,49.3508,24.7802
Липовец,49.2333,29.0500
Липовец,49.7880,30.8886
Липовец,49.4000,23.6333
Liptsi,50.2037,36.4077
Lisets,48.8695,24.6100
Лишня,50.1730,25.8179
Лисичанск,48.9048,38.4421
Лисичанск,48.9048,38.4421
Лисичанск,48.9048,38.4421
Лисичанск,48.9048,38.4421
Лисичанск,48.9048,38.4421
Лиски,46.7667,36.7667
Лиски,46.7667,36.7667
Литин,49.3251,28.0809
Литовка,50.3930,34.9785
Литвиновка,50.7333,30.2333
Литинский,49.3251,28.0809
Lobkavo,47.5333,35.4333
Logachevka,49.9206,36.3586
Логвинов,48.3800,38.3471
Локачинский,50.7333,24.6500
Lokhovo,48.5051,22.6755
Лопатин,49.5678,28.7604
Lopatyn,50.2167,24.8500
Lopatyn,50.2202,24.8483
Лосево,49.9536,36.3217
Лоцманская Каменка,48.4167,35.0667
Лозовая,48.8894,36.3175
Лозовая,49.6081,25.6614
Лозовая,49.6081,25.6614
Лозовая,49.6081,25.6614
Лозовая Вторая,49.8697,37.5542
Lozovskoy,48.3858,38.2319
Lozuvatka,48.0571,33.2858
Лубны,50.0163,32.9969
Лубны,50.0163,32.9969
Luchyntsi,49.3488,24.6333
Удача,50.7593,25.3424
Луганск,47.3667,37.1000
Луганск,48.5670,39.3171
Луганск,47.3677,37.0985
Луганск,48.5670,39.3171
Луганская,48.4457,38.2615
Луганское,47.3667,37.1000
Луганское,47.3677,37.0985
Luganskoye,45.8019,34.2379
Луговая,49.1000,24.1000
Луговая,48.3667,29.7500
Луганская,48.5670,39.3171
Луганская,48.5670,39.3171
Лука,50.1722,28.8179
Лукаши,50.4610,31.4399
Lunacharskoye,46.8037,36.6794
Lupareve,46.6917,31.9750
Lutezh,50.6833,30.4000
Луцк,50.7593,25.3424
Лутугино,48.4051,39.2268
Лутугино,48.4051,39.2268
Лужаны,48.3649,25.7717
Львов,49.8407,24.0305
Lwеw,49.8407,24.0305
Lyalyuki,49.9033,36.3675
Лиман,49.5948,36.4671
Лысенко,49.1833,28.1333
Любимовка,47.9333,34.5167
Люботин,49.9454,35.9329
Люботин,49.9500,35.9667
Lyubymivka,46.7992,33.5906
Люксембург,48.4567,38.6725
Lеtki,50.7000,30.7500
Магдалиновка,46.4925,33.4625
Mahdalynivka,48.8833,34.9333
Макаровский,50.4641,29.8113
Макаров,50.4641,29.8113
Макарова,47.3333,30.1000
Макаровская Буда,50.6000,29.6333
Макеевка,48.0478,37.9258
Макеевка,51.2353,34.5925
Макеевка,48.0333,37.8833
Маков,51.8333,33.6167
Максим,51.1959,30.9419
Maksimilianovka,47.9751,37.3881
Мала Белозерка,47.2522,34.9261
Мала Даниловка,50.0635,36.1656
Малайя,47.6808,38.6336
Малая Belozеrka,47.2474,34.9346
Малая Игнатьевка,47.5167,37.6667
Малин,50.7723,29.2383
Малиновка,50.3667,27.5167
Malovidnoye,44.7967,33.8096
Малин,50.7723,29.2383
Малиновка,49.8042,36.7192
Малый Букрин,49.9167,31.3333
Маневичи,51.2833,25.5333
Маневичи,51.2941,25.5344
Мангуш,44.7500,34.0000
Manhush,47.0500,37.3000
Mareyka,47.9333,37.5000
Марганец,47.6354,34.6277
Марганец,47.6354,34.6277
Марганец,47.6354,34.6277
Марина,49.9701,35.4650
Маринка,47.9333,37.5000
Мариуполь,47.1057,37.5331
Маркин,47.1900,38.1797
Маркова,48.6758,24.4138
Марково,48.6500,37.8000
Markovtsy,50.7333,31.2500
Маркса,47.9000,35.7500
Марс,50.9081,35.1628
Марта,44.6863,34.1108
Martusivka,50.3128,30.8608
Марьяновка,49.6548,29.0658
Машевка,49.4431,34.8669
Массандра,44.5189,34.1859
Майя,48.4331,38.1742
Маяк,45.3477,32.4966
Мазанка,45.0037,34.2547
Мазуровка,49.1500,25.9833
Медведев,50.8825,35.1694
Мега,48.1333,25.4333
Meliorativnoye,48.6199,35.4019
Мелитополь,46.8489,35.3653
Мельник,49.3121,25.2587
Мельников,50.6633,34.0194
Мельникова,48.1568,39.0347
Мена,51.5217,32.2157
Мерефа,49.8230,36.0507
Мешков,48.7747,25.8321
Межгорье,48.5228,23.5083
Межова,48.2532,36.7347
Мичурина,46.9167,30.1500
Михайловка,45.1167,33.6167
Михайловка Вторая,50.0803,36.5261
Михайловский,48.1694,38.0217
Микулинцы,49.4000,25.6000
Микулинцы,49.2644,28.1607
Минай,48.5888,22.2750
Миргород,49.7415,36.1856
Мироновка,51.9167,33.5667
Мироновка,48.4667,34.3167
Мироновка,45.4026,34.4504
Мироновский,48.4620,38.2746
Миусинск,48.0775,38.9036
Межгорский,48.5246,23.5056
Мизоч,50.4000,26.1500
Мочулки,50.9000,24.6833
Могила,48.7667,24.9000
Могилев,48.8642,34.4841
Могилев,53.9000,30.3500
Могилев,53.9000,30.3500
Могилев,48.8667,34.4833
Мохначи,49.7403,36.5319
Молчанов,52.2387,33.1055
Молдова,48.5500,27.0833
Молочанск,47.2018,35.6022
Моллодогвардейск,48.3458,39.6582
Молодовая,50.0375,36.7742
Молодежное,48.1786,32.6594
Монастырище,48.9909,29.8047
Монастырищенский,48.9909,29.8047
Морозов,48.0839,38.3261
Морозовка,50.2345,29.5338
Моршин,49.1565,23.8723
Морская,45.3333,32.6667
Мошны,49.5333,31.7500
Московский,50.4225,34.3517
Моспино,47.8908,38.0640
Mospyne,47.8908,38.0640
Мостиска,49.7923,23.1512
Мостиска,49.7923,23.1512
Мотовиловка,49.8137,27.8017
Мотовиловка,50.1428,30.0892
Mozhnyakovka,49.6594,39.0622
Мукачево,48.4392,22.7178
Мукачево,48.4392,22.7178
Мукачево,48.4392,22.7178
Murovane,49.5167,22.9333
Muzhiyeve,48.1796,22.6994
Mykhaylivka,47.2742,35.2214
Николаев,50.3500,24.9833
Николаев,49.5237,23.9852
Николаевка,47.5333,30.7500
Миргород,49.9685,33.6089
Мироновка,49.6601,30.9822
Мишковичи,49.4468,25.6065
Муси,51.6500,30.6000
Надежда,45.2076,35.0992
Надежда,47.0167,35.5833
Надворная,48.6348,24.5694
Надворная,48.6348,24.5694
Надворная,48.6348,24.5694
Надичи,49.9833,24.1000
Нахирянка,48.9365,25.7323
Наконечне,49.9333,23.3167
Наркевичский,49.5167,26.6333
Народичи,51.2000,29.0833
Найман,45.1076,35.1014
Небулев,48.8153,24.2166
Надригайлов,50.8340,33.8763
Негровец,48.4500,23.6667
Немиров,48.9708,28.8378
Немиров,50.1046,23.4361
Немиров,48.9667,28.8500
Нестеренко,47.5000,35.6667
Несвич,50.6333,25.1000
Нетеребка,49.4734,31.4490
Нетишин,50.3400,26.6417
Нетешин,50.3400,26.6417
Невицке,48.6667,22.3833
Неукрон,47.5500,35.5000
Нежин,51.0480,31.8869
Нежин,51.0480,31.8869
Никифоров,48.0077,38.8534
Никита,44.5156,34.2384
Николаев,46.9659,31.9974
Николаевка,46.5500,34.7167
Николаевка,47.8251,38.3481
Николаев,50.2089,36.1278
Николаевка,46.8000,35.8333
Николаевка Номер Первый,48.7447,38.0497
Nikolaypolye,48.5167,37.5500
Никополь,47.5712,34.3964
Nisshayadubechnya,50.6833,30.6333
Нивки,51.3500,29.0500
Нежин,51.0480,31.8869
Нижнегорский,45.4479,34.7384
Нижний Коропец,48.3500,22.6667
Нежин,51.0480,31.8869
Нижи,50.7828,34.7844
Нобелевская,51.8669,25.7657
Носовка,50.9315,31.5828
Носов,49.2325,24.9870
Новая Боровая,50.6930,28.6345
Новая Каховка,46.7545,33.3486
Новая Маячка,46.6000,33.2271
Новая Прага,48.5682,32.9027
Нова Водолаха,49.7185,35.8708
Новая,48.3261,38.0911
Новая Каховка,46.7545,33.3486
Новая Маячка,46.6000,33.2271
Новая Водолага,49.7185,35.8708
Новая Завадовка,46.7564,34.0889
Новаигнатиевка,47.6333,37.6833
Нове,46.8886,29.8706
Нове Давыдково,48.4500,22.6333
Новгород,47.5428,36.9173
Нови Санжары,49.3440,34.3108
Новоалександровка,50.6173,28.0794
НовоАрхангельское,47.3333,33.6000
Novoastrakhanskoye,49.1217,38.7450
Новоазовск,47.1159,38.0852
Novoburlutskoye,49.8736,37.0967
Новоднестровск,48.5864,27.3815
Новодружеск,48.9627,38.3573
Новофедоровка,45.0947,33.5721
Новогнилица,49.7075,36.8728
Новогродовка,48.2027,37.3415
Novokrasnovka,47.3000,37.1500
Новомиргород,48.7810,31.6420
Новомосковск,48.6380,35.2455
Новомиргород,48.7825,31.6469
Новониколаевка,49.3303,36.2750
Novooleksiyivka,46.2269,34.6428
Новопокровка,49.8425,36.5477
Новопокровка,48.0500,34.6167
Novopoznyaki,50.4167,30.6333
Новопсков,49.5464,39.0899
Новоселица,49.8972,29.6235
Новоселица,48.2193,26.2653
Новоселки Novocheshskiye,50.4667,25.0000
Новоселовка Вторая,48.2167,37.8000
Новоселицкий,48.2193,26.2653
Новосибирск,47.1000,33.2833
Novosirotino,48.9500,38.4500
Novostepanovka,48.4500,34.4333
Novosеlki Na Desne,50.6167,30.6333
Novosеlovka,45.1667,33.6333
Новотроицк,48.6333,35.5333
Новотроицкое,46.9551,36.6527
Новотроицкое,47.7167,37.5833
Novoulyanovka,44.6000,33.8667
Novouspenka,48.4000,39.2167
Novovasilyevka,44.8500,33.9167
Нововолынск,50.7333,24.1667
Нововолынск,50.7258,24.1626
Нововоронцовский,47.5000,33.9333
Novoyavorovsk,49.9167,23.7333
Novoyemelyanovka,44.8667,33.9500
Новый,46.8833,30.9333
Новый Krayuv,50.4833,26.4500
Новый Mariyental,47.4500,37.9500
Новые Петровцы,50.6275,30.4431
Новый Otarchik,45.3333,34.2667
Новый Yarychiv,49.9167,24.3000
Нижние Sirohozy,46.8436,34.3808
Низы,50.7811,34.7839
Obarov,50.6527,26.1696
Obelnitsa,49.3178,24.6255
Оболонь,49.6032,32.8676
Обухов,50.1100,30.6227
Обухов,50.1100,30.6227
Обухов,48.7969,27.7646
Обухов,50.1100,30.6227
Очаков,46.6128,31.5498
Очаков,46.6128,31.5498
Одесса,46.4639,30.7386
Огни,45.7666,33.3882
Ахтырка,50.3104,34.8988
Октября,50.0244,37.4894
Олег,46.9257,29.7457
Александровка,46.8333,32.7833
Александровка,48.9658,32.2350
Александровка,46.3289,30.6348
Оленевка,45.3746,32.5332
Олеша,49.1275,25.2674
Oleshiv,48.9333,24.9833
Oleshnik,48.1641,22.9617
Олесько,49.9667,24.8833
Олевск,51.2167,27.6500
Олива,50.8811,29.5489
Ольшаны,48.3833,23.6500
Олыка,50.7167,25.8167
Омега,44.6167,33.4333
Опошня,49.9567,34.6082
Оратовский,49.1889,29.5270
Оратов,49.1889,29.5270
Ordovka,49.6833,35.9500
Орджоникидзе,44.9657,35.3562
Орджоникидзе,47.6676,34.0596
Орджоникидзе,51.1598,29.8190
Ореанда,44.4667,34.1667
Орехов,48.3686,39.9292
Орехово,45.1294,33.6318
Ореховский,47.3333,35.3167
Орлов,47.0651,35.5709
Орловка,48.1667,37.6500
Осадчий,48.6167,36.4667
Осадчий,48.6141,36.4646
Осиповка,48.5333,35.1333
Osivtsy,50.3333,29.4667
Основа,49.9444,36.2626
Остапенко,49.9231,33.3154
Остер,50.9506,30.8823
Остра,48.3167,25.6500
Острив,49.4918,25.5887
Острог,50.3294,26.5143
Острог,50.3294,26.5143
Остров,50.7667,29.1667
Островский,47.9678,35.8525
Островского,49.2921,37.9276
Ostroye,47.9500,37.3667
Ostеr,50.9506,30.8823
Осипенко,46.9136,36.8253
Otyniya,48.7377,24.8611
Овидиополь,46.2500,30.4413
Овруч,51.3246,28.8035
Овруч,51.3246,28.8035
Озерная,49.6333,25.3333
Озерное,50.1833,28.7167
Ozeryanka,49.8261,36.0344
Озеряны,50.3167,29.4167
Pakhari,45.2833,33.7667
Паланка,48.7311,30.0961
Panteleimonowka,48.2018,37.9743
Panteleymonovka,48.2018,37.9743
Parcauti,48.4500,26.6500
Париж,46.0550,29.2889
Парижская коммуна,48.4333,38.8167
Партенит,44.5764,34.3445
Павловка,49.4414,28.4596
Павлоград,47.0000,35.0500
Павлоград,48.5334,35.8705
Павлоград,48.5334,35.8705
Павлоградский,48.9245,38.4541
Павлоград,48.5334,35.8705
Павлов,50.2631,24.5402
Павлова,48.2667,34.6833
Павлово Поле,50.0262,36.2379
Павловская,48.2667,34.5667
Печенеги,49.8717,36.9347
Печера,48.8546,28.7191
Перечин,48.7362,22.4820
Перемышляны,49.6652,24.5585
Pereshepino,49.0181,35.3689
Перевальск,48.4378,38.8438
Переяслав,50.0877,31.4795
Pereyaslavkhmelnytskyy,50.0877,31.4795
Perove,44.9302,34.0561
Перово,44.9333,34.0667
Першотравенск,50.2010,27.6362
Першотравенск,48.3469,36.4025
Первомайск,48.0443,30.8507
Первомайск,48.0443,30.8507
Первомайск,48.0443,30.8507
Первомайск,48.0472,30.8503
Первомайск,47.9753,38.7883
Первомайский,51.2500,29.1167
Первомайский,49.1167,35.4667
Первомайский,46.9667,35.1500
Первомайское,45.4500,33.7000
Песчаная,49.8293,30.2417
Песковка,50.6938,29.6193
Песочин,49.9564,36.1084
Песочин,49.9564,36.1084
Петренко,47.7258,38.2205
Petrodolinskoye,46.4349,30.4028
Петропавловка,49.2423,31.3531
Петропавловская Борщаговка,50.4333,30.3333
Петропавловский,47.9251,35.7833
Петров,48.8500,25.2833
Петров,48.8447,25.2813
Петрова,48.3247,33.2562
Petrove,48.3247,33.2562
Петровка,45.0162,33.7849
Петрово,48.0681,22.9216
Петровское,47.6613,37.1647
Петровского,50.4833,34.6000
Петровское,47.6613,37.1647
Petrykiv,49.5312,25.5790
Петушков,50.6500,25.8000
Pidgirne,47.4450,35.3395
Пидгирци,50.2361,30.5418
Подгородное,48.5753,35.1068
Подволочиск,49.5347,26.1458
Pinchuki,50.0000,30.2167
Пирогов,48.9065,28.4819
Пирятин,50.2445,32.5107
Песковка,50.6938,29.6193
Южное,49.8855,36.0668
Играть,47.9897,24.9147
Plebanovka,49.2836,25.7215
Plynaya,50.2874,36.5204
Победа,47.6047,38.2747
Победа,47.4667,33.0500
Почаев,50.0051,25.5118
Почаевская,50.0051,25.5118
Podgorodishche,49.7000,24.3167
Podgorodno,51.2385,24.1892
Подгорцы,50.2500,20.5500
Подолье,49.4000,25.9333
Podokalinovka,46.5000,33.1000
Подол,49.6718,33.8883
Podvezhinets,49.5667,23.7333
Подволочиск,49.5347,26.1458
Podvorki,49.9799,36.0924
Погорелов,48.6539,39.5322
Погорелово,47.2986,29.8992
Погребы,49.2551,33.3047
Погребы,49.4667,29.6667
Pokotylivka,49.9134,36.1751
Pokropivna,49.5833,25.3667
Покровская,49.9167,35.2833
Покровское,48.6315,38.1392
Полесье,51.6807,32.4218
Полевая,50.0893,36.0136
Полевая,49.7966,28.2203
Полиция,51.2667,26.0500
Полесье,51.6807,32.4218
Polnichna,50.1500,24.6333
Пологи,50.3344,34.9958
Полонка,50.6870,25.2989
Полонное,51.3167,25.9000
Полонное,50.1242,27.5109
Polovitsy,48.5500,35.1500
Полтава,49.5681,37.2475
Polyanetske,48.0718,30.1275
Помошная,48.2422,31.4158
Попасная,48.6085,38.3326
Попельня,49.9647,29.4481
Попов Яр,48.4167,37.4667
Popove,48.2667,22.4167
Поповка,49.3500,34.0333
Poroshkovo,48.6667,22.7500
Поселок Святошино,50.4657,30.3689
Почтовое,44.8361,33.9619
Posеlok Святошино,50.4500,30.3667
Posеlok Святошино,50.4657,30.3689
Poturzyca,50.4500,24.2833
Povetno,49.8333,23.7333
Позняки,50.2399,33.0086
Прасолов,51.4833,33.4167
Предместье Заречье,49.7889,30.1013
Преображенка,47.9514,34.7628
Преображенка,48.5825,38.3569
Прибрежное,45.1461,33.5204
Пригород Труханов остров,50.4667,30.5333
Prilimanskoye,46.4167,30.6167
Прилуки,51.4634,28.8657
Приморск,46.7348,36.3442
Приморский,45.1167,35.5000
Пришиб,48.7378,38.9164
Привольное,44.7833,34.3333
Прогресс,49.4022,37.4561
Прокопенко,50.2189,35.1975
Проминь,51.0167,34.4000
Просянский,47.6365,34.8139
Prosyanaya,48.1135,36.3736
Prosyanka,49.8936,37.3819
Protsenkovo,46.7167,32.6667
Процев,50.2428,30.7841
Prudyanka,50.2422,36.1742
Pryazovske,46.7343,35.6425
Pryborzhavske,48.3461,23.2328
Прилуки,50.5932,32.3876
Пуховка,50.6000,30.7167
Пушкина,46.8667,34.5000
Пустомыты,49.7153,23.9130
Putepovod,48.1502,38.0513
Putilovka,44.5702,33.8946
Путивль,51.3374,33.8707
Пятихатки,47.5083,35.4624
Pyatipolye,48.0186,38.0950
Radensk,46.5486,32.9279
Радио,47.7000,33.8500
Радомишль,50.4961,29.2291
Радомышль,50.4961,29.2291
Radych,49.1167,23.1167
Радивиловский,50.1299,25.2558
Raigorodka,48.8186,39.0557
Raigorodok,48.9000,37.7167
Раховский,48.0526,24.2009
Рахов,48.0526,24.2009
Rarancea,48.3333,26.1000
Ратно,50.6769,25.1895
Ratsevo,49.1000,32.8000
Раздельная,46.8518,30.0795
Раздельная,46.8518,30.0795
Razdolevka,48.7583,38.0761
Речица,51.7667,24.6667
Речная,45.3500,34.3000
Речное,44.7381,33.7860
Reklinets,50.2167,24.2500
Remeniv,49.9524,24.2092
Рени,45.4573,28.2932
Репки,50.0478,35.7842
Решетиловка,49.5650,34.0782
Решетиловки,49.5650,34.0782
Reznikovka,48.8364,38.0206
Ровно,48.3667,22.4500
Ровно,50.6231,26.2274
Ровно,48.2503,31.7503
Ровно,50.6231,26.2274
Ровно,48.6242,27.5663
Rodakovo,48.5572,39.0238
Родинское,48.3520,37.2060
Родное,44.5500,33.7333
Rodnykove,45.0500,33.9500
Роган,49.9012,36.4359
Рогатин,49.4090,24.6093
Рохан,49.9030,36.4778
Рогатин,49.4090,24.6093
Rokitno,50.9168,26.4817
Романов,50.1480,27.9312
Романов,50.7443,25.5961
Романовка,48.3667,37.7167
Ромны,50.7510,33.4747
Ромны,50.7510,33.4747
Roslavichi,50.2500,30.4333
Rososha,48.6470,29.8661
Rossadka,48.4328,38.3511
Ровеньки,48.0833,39.3776
Ровеньки,48.0833,39.3776
Ровеньки,48.0833,39.3776
Ровно,48.6333,27.5833
Ровно,51.2357,23.8165
Ровно,50.6231,26.2274
Roylyanka,46.2867,29.7894
Раздельная,46.8518,30.0795
Rozhyshche,50.9154,25.2691
Rozkishne,48.5074,39.3004
Rozvadiv,49.5000,23.6167
Рубежанский,50.1653,36.8252
Рубежное,49.0123,38.3797
Рубежное,50.1618,36.8156
Руда,50.9544,34.0886
Руденков,51.0244,34.1823
Рудно,49.8333,23.9000
Рудно,49.8495,23.8877
Ruske,45.0214,34.7911
Russkoivanovka,46.3750,29.7647
Rutchеnkovo,47.9500,37.7333
Ружинский,49.7228,29.2045
Рыбачье,44.7718,34.5952
Рыбальская,48.4667,35.1667
Rykhtychi,49.3833,23.5500
Ржищев,49.9689,31.0463
Печальный,48.4167,35.2667
Садовая,46.7000,32.8167
Саки,45.1342,33.6000
Саки,45.1342,33.6000
Саки,45.1342,33.6000
Salivonki,49.9413,30.2145
Салтовка,50.0092,36.3562
Крылатка,50.9825,34.3933
Самбор,49.5183,23.1975
Самбор,49.5183,23.1975
Сарата,46.0167,29.6667
Сарны,48.9291,29.9256
Сарны,51.3379,26.6019
Сарны,49.9179,23.1728
Сартана,47.1833,37.7000
Саша,48.6117,29.8218
Сатанов,49.2543,26.2690
Савчин,50.4743,24.1704
Саврань,48.1358,30.0814
Schostka,51.8630,33.4698
Севастополь,44.5888,33.5224
Седова,47.0768,38.1560
Селец,49.0333,24.7333
Селидово,48.1471,37.3003
Селище,49.8525,37.4842
Село,51.8000,26.2333
Selskoyevozrozhdeniye,49.5039,37.0611
Сперма,45.1667,34.8333
Семеновка,49.6000,33.1667
Семенов,50.2925,34.4083
Semеnovka,45.2833,35.0833
Serbka,47.0000,30.7667
Serdyukovka,48.5392,38.4367
Серебрянка,48.9189,38.1269
Середа,49.2167,22.8833
Середа,49.2167,22.8833
Seredne,48.5333,22.5000
Сергей,47.9752,25.1286
Serne,48.3667,22.4500
Севастополь,44.5888,33.5224
Северная,45.6840,33.0567
Северный Рудник,48.4000,37.9167
Северодонецк,48.9483,38.4917
Северодонецк,48.9483,38.4917
Sewastopol,44.5888,33.5224
Шабо,46.1326,30.3859
Шахов,49.8006,38.4868
Shakhovo,48.2833,37.7667
Шахтерск,48.0625,38.5166
Shakhtne,47.9858,38.2708
Shakhtеrsk,48.0625,38.5166
Shalyhyne,51.5711,34.0717
Шаргород,48.7383,28.0850
Шаргород,48.7383,28.0850
Щебетовка,44.9382,35.1580
Shcherbinovskiy,48.3667,37.6667
Shcherbynivka,48.4000,37.7833
Sheludkovka,49.6847,36.5375
Шепетовка,50.1854,27.0636
Шепетовка,50.1854,27.0636
Шевченко,50.3637,36.2135
Шевченко,49.9500,28.0333
Шевченко,46.2000,32.8667
Шевченко,48.6553,37.9925
Шевченково,49.6959,37.1735
Шевченково,44.8629,33.7590
Шевченковский,49.6000,35.2000
Шевцов,49.9000,38.6000
Shibalin,49.4433,25.0000
Широкая Балка,48.3000,37.9167
Широкий,49.0694,36.4231
Шишаки,49.8500,33.3000
Shishkovka,49.8792,37.2936
Shkarovka,49.7402,30.1659
Шкло,49.9568,23.5441
Shmarovka,49.8056,36.4119
Шолоховский,47.9500,37.9500
Шостка,51.8630,33.4698
Шостка,51.8630,33.4698
Shpilevka,50.7986,34.6867
Шпола,49.0069,31.3947
Shushkautsi,48.3500,26.2667
Шутова,49.8833,23.2833
Сич,47.8000,36.2000
Сидоров,49.0167,26.0167
Симеиз,44.4074,34.0043
Симферополь,44.9572,34.1108
Симоненко,45.3000,33.9000
Симонов,50.5740,26.6296
Синельников,50.2581,36.8988
Синельниково,48.3204,35.5179
Синельниково,50.2581,36.8988
Sinеv,50.6167,26.7500
Siurte,48.5000,22.2333
Сиваш,49.3758,36.2447
Sizovka,45.3489,33.8767
Скадовск,46.1161,32.9112
Скалат,49.4273,25.9787
Skelevoy,48.0767,38.3786
Skelki,47.4393,35.1195
Сколе,49.0372,23.5135
Skotovataya,48.2167,37.9000
Сквира,49.7318,29.6657
Сквирский,49.7333,29.6667
Слатино,50.2104,36.1538
Славута,50.3016,26.8651
Славутич,51.5215,30.7532
Славяносербск,48.5492,38.9083
Славянск,48.8414,37.5895
Славянск,48.8414,37.5895
Славянск,48.8414,37.5895
Славянск,48.8414,37.5895
Slawjansk,48.8667,37.6167
Слободка,47.8869,29.3461
Славянск,48.8414,37.5895
Смела,49.2224,31.8871
Смела,49.2224,31.8871
Смела,49.2224,31.8871
Смоленская,48.0667,34.2833
Смольная,49.2833,23.1833
Снегиревка,47.0758,32.8052
Snegirеvka,47.0667,32.8167
Snegirеvka,45.7805,34.0749
Snihurivka,47.0667,32.8167
Снежное,48.0261,38.7723
Снятин,48.4469,25.5694
Снятин,48.4469,25.5694
Софиевка,48.2500,38.1500
Софиевка,48.0511,33.8744
Сокаль,50.4744,24.2829
Сокаль,50.4744,24.2829
Сокольники,49.7804,23.9528
Сокол,45.8167,33.8167
Соколов,50.4934,28.0679
Соколова,49.5708,27.8966
Соколовка,48.5333,35.3167
Сокирянский,48.4475,27.4168
Соледар,48.6793,38.0890
Соломоново,48.4303,22.1612
Соленое,48.2081,34.8721
Солоницевка,49.9985,36.0427
Солонка,49.7523,24.0095
Solonytsivka,49.9985,36.0427
Солотвине,50.0374,28.6839
Солотвино,47.9460,23.8703
Солотвино,47.9460,23.8703
Solеnoye,48.2167,34.8667
Sorevnovaniye,49.8339,36.6097
Сорока,49.2204,26.0123
Soroky,49.0062,25.3734
Сосница,51.5239,32.4998
Сосновка,50.0527,28.4545
Сосновка,50.2167,29.8500
Соснова,50.1500,31.7667
Сосновка,50.2897,24.2514
Советский,49.2370,36.5531
Спасская,48.2951,25.7997
Спасская,48.2951,25.7997
СРЕДНЯЯ,45.9000,33.7167
Стадник,49.9297,23.5450
Стаи,50.1333,24.1167
Стахановский,48.5682,38.6435
Стахановский,48.5682,38.6435
Stanishovka,50.2198,28.7290
Станислав,46.5691,32.1478
Stankovtsy,49.4333,24.1667
Старобельск,49.2783,38.9107
Starobesheve,47.7504,38.0305
Старобешево,47.7504,38.0305
Староконстантинов,49.7576,27.2034
Староконстантинов,49.7576,27.2034
Staroverovka,49.5436,35.6966
Старый Салтов,50.0827,36.7939
Старый Самбор,49.4386,23.0006
Starychi,49.9833,23.5500
Старом Крым,47.1667,37.5000
Старом Крым,45.0289,35.0917
Старом Салтов,50.0827,36.7939
Старом Самбор,49.4333,23.0000
Старом Yarychiv,49.9127,24.2737
Штази,49.7500,34.5667
Статистика,50.0617,35.6039
Ставище,49.9572,29.6799
Stavyshche,50.4000,29.5333
Стебник,49.2942,23.5636
Стебник,49.2942,23.5636
Степан,51.1296,26.3005
Stepanki,49.3211,31.9884
Степное,47.8000,37.5333
Стила,47.6833,37.8333
Сторожинец,48.1643,25.7203
Сторожинецкий,48.1643,25.7203
Strabychovo,48.3833,22.5500
Стрелка,46.1448,34.3116
Стрижавка,49.3051,28.4679
Строитель,47.2381,38.2403
Strukovka,47.6667,34.8833
Стрый,49.2622,23.8561
Стрый,49.2622,23.8561
Стрыйский,49.2622,23.8561
Studinka,49.0422,24.4652
Stulnevo,50.1747,36.2294
Судак,44.8492,34.9747
Судак,44.8492,34.9747
Судовая Вишня,49.7833,23.3667
Суходольск,48.3500,39.7000
Sukhokalinovskiy,48.2667,35.2500
Суховоля,49.8167,23.8333
Суховоля,49.8243,23.8377
Сухой Лиман,46.3921,30.6458
Сумы,50.9216,34.8003
Surskolitovskoye,48.3167,34.9333
Sutysky,49.0424,28.4173
Суворово,44.7336,33.6265
Svalava,48.5485,22.9958
Свалявский,48.5485,22.9958
Сватово,49.4122,38.1508
Свердловская,45.4788,33.9356
Свердловская,48.0896,39.6524
Свесса,51.9523,33.9357
Свет,45.4775,36.2974
Светловодск,49.0489,33.2411
Svistelniki,49.3000,24.8000
Свитанок,49.3333,25.6167
Светловодск,49.0489,33.2411
Свобода,48.3667,22.3500
Святошино,50.4500,30.3667
Святошино,50.4657,30.3689
Святослав,49.0000,23.4667
Святослав,49.0063,23.4715
Syeverodonetsk,48.9483,38.4917
Synyava,49.7121,25.8876
Taburishche,49.0500,33.2500
Taramchuk,47.8000,37.5833
Taramskoye,48.4500,34.7833
Тараса Шевченко,51.6333,30.8000
Тарасовка,48.5317,39.1097
Тарасовка,45.2167,33.9833
Тарнополь,49.5500,25.5833
Tashki,50.2529,26.8955
Татарбунары,45.8373,29.6142
Tatariniv,49.5667,23.7500
Таврийск,46.7529,33.4184
Tayirove,46.3631,30.6489
Тельманово,47.4131,38.0222
Тельманово,47.4099,38.0248
Теофиполь,49.8382,26.4143
Теплик,48.6657,29.7450
Теплодар,46.5058,30.3252
Теплогорск,48.6031,38.5944
Теплик,48.6657,29.7450
Теребовля,49.3019,25.7100
Теремки,50.3667,30.4500
Теремки,50.3667,30.4500
Тересва,48.0023,23.6997
Тернополь,49.5559,25.6056
Терновка,49.8000,28.4500
Терновка,49.7845,30.7498
Терновка,48.5167,36.1000
Terny,50.9892,33.9707
Tetevchytsi,50.3311,24.6809
Tetiyiv,49.3767,29.6647
Феодосия,45.0368,35.3779
Тимченко,49.3500,36.1333
Тимошенко,45.2908,33.9744
Timoshevka,48.9699,32.0679
Timoshеvka,48.9699,32.0679
Tinki,49.1833,32.6833
Tiszaujlak,48.1092,22.8387
Титков,50.0343,27.3715
Ткаченко,47.4776,29.3021
Ткаченко,47.4776,29.3021
Тлумач,48.8640,25.0032
Tokarеvo,47.3000,33.1667
Токмак,47.2552,35.7124
Токмак,47.2552,35.7124
Tolban,44.9500,34.2833
Толга,44.9833,34.7000
Толстой,48.0333,36.6833
Томаковка,47.8157,34.7414
Томаковка,47.8157,34.7414
Topchino,48.9446,34.7989
Топоров,50.1117,24.7257
Торез,48.0388,38.5969
Торез,48.0388,38.5969
Торез,48.0388,38.5969
Toshkivka,48.7756,38.5722
Trebukhiv,50.4843,30.9030
Требухов,50.4843,30.9030
Treytuzna,48.1167,34.7333
Триполье,50.1180,30.7814
Триполье,50.1167,30.7667
Тростянец,50.4784,34.9630
Тростянец,49.7833,31.3500
Тростянец,49.7800,31.3530
Трояны,49.2500,34.4667
Трускавец,49.2784,23.5062
Труженик,47.3833,37.2333
Царичанка,48.9370,34.4786
Tsarychanka,48.9500,34.4833
Tschernigow,51.5055,31.2849
Tsirkuny,50.0903,36.3746
Tsukurino,48.0851,37.3103
Цветков,47.3520,34.7080
Tsvetokha,50.2473,26.9438
Tsybli,49.9667,31.5500
Цюрупинск,46.6184,32.7189
Цюрупинский,46.6164,32.7114
Тучков,45.3493,28.8408
Тульчин,48.6833,28.8667
Тульчинский,48.6745,28.8464
TurboV,49.3479,28.7212
Тургеневки,48.1333,35.5167
Турья,48.8796,31.6401
Турийск,51.1000,24.5333
Турка,49.1500,23.0333
Турка,49.1541,23.0297
Tuzly,46.7008,31.3753
Tverdza,49.8000,23.2500
Тячев,48.0118,23.5706
Тячевский,48.0118,23.5706
Tymoshivka,47.1825,35.1094
Tynne,50.6015,26.1849
Тысменица,48.9022,24.8448
Тысменица,48.9022,24.8448
Тюмень,45.2500,33.5167
Tеrny,50.9892,33.9707
Udachnoye,48.2386,36.9866
Угледар,47.7803,37.2506
Углегорск,48.3147,38.2742
Угров,49.7333,23.6166
Uhlove,44.8167,33.6167
Украина,47.2856,37.9260
Украинка,50.7697,29.3705
Украинка,50.1432,30.7461
Украинск,48.0982,37.3631
Украинский,47.0302,35.6279
Украинки,50.1432,30.7461
Улица,52.3122,33.6194
Ulychne,49.2333,23.6500
Умань,48.7484,30.2218
Умань,48.7484,30.2218
Уманский,48.1500,37.5667
Унгвар,48.6167,22.3000
Uritskiye,48.6625,38.1947
Усатово,46.5333,30.6667
Усатово,46.5330,30.6596
Успенка,48.3903,39.1619
Успенский,49.0203,36.8339
Utishkiv,49.9255,24.6688
Utkivka,49.7858,36.0753
Ужгород,48.6167,22.3000
Ужгород,48.6167,22.3000
Ужгород,48.6167,22.3000
Ужгород,48.6167,22.3000
Ужгород,48.6167,22.3000
Узин,49.8262,30.4149
Узын,49.8262,30.4149
Валки,49.8387,35.6207
Валки,49.8387,35.6207
Ванюшкин,47.2539,38.2699
Варваровка,50.5289,27.9617
Vashkivtsi,48.3849,25.5102
Василец,52.0291,33.8919
Васильевка,45.1333,34.8000
Васильевка,49.9223,29.2689
Vasilivka,49.2268,33.7592
Васильков,48.9844,31.3158
Васильков,50.1869,30.3135
Vasilkovka,48.2070,36.0236
Васильевка,47.5667,37.6667
Васильевка,50.3127,28.3684
Vasilеvka,49.9167,29.2667
Васильевка,47.4369,35.2742
Васильков,50.1869,30.3135
Васищево,49.8333,36.3261
Ватутино,49.0150,31.0621
Ватутино,49.0150,31.0621
Великая Novosеlka,47.8453,36.8353
Велики Anadol,47.6833,37.4833
Великий,49.6167,25.5333
Великий Berеznyy,48.9000,22.4667
Великий Бычков,47.9687,24.0117
Velikopolye,49.8667,23.7167
Велика Белозерка,47.2747,34.7031
Велика Lepetykha,47.1833,33.9500
Большая Александровка,47.3167,33.3167
Веприк,50.3701,34.1760
Verbivka,49.4167,35.5333
Verbovka,48.9833,31.9667
Verenchanka,48.5465,25.7453
Верхнеднепровск,48.6524,34.3346
Верхний,50.7250,34.1762
Верхний Rohachyk,47.2542,34.3336
Верхнеднепровск,48.6524,34.3346
Верхняя,49.0985,24.2942
Verkhovtsevo,48.4815,34.2496
Veryny,50.1167,24.1167
Веселое,47.0131,34.9136
Веселое,48.3197,35.2506
Веселиново,47.3567,31.2349
Veselynove,47.3500,31.2333
Веселый Поселок,49.9033,36.4858
Вета Почтовая,50.3167,30.3833
Vigurovshchino,50.5000,30.6000
Викторов,49.0500,24.6333
Вилино,44.8500,33.6500
Вилино,44.8456,33.6716
Вилково,45.4021,29.5859
Вольногорский,48.4855,34.0230
Vilok,48.1092,22.8387
Вильшаны,49.2167,31.2109
Винница,49.8464,37.7186
Винница,49.2328,28.4810
Виноградарь,46.6721,30.3464
Виноградов,48.1500,22.7667
Виноградово,45.3926,33.6467
Вишенки,50.3000,30.7167
Vishkovo,48.0491,23.4211
Вишневский,46.5500,34.8000
Витино,45.2084,33.1532
Vizhomlya,49.8500,23.4167
Владимир,50.8500,24.3333
Владимир,50.8525,24.3236
Vodyane,47.4875,34.4924
Vodyano,48.7433,35.8975
Волчанск,50.2884,36.9420
Волков,50.1792,37.3921
Volkovtsy,50.7933,33.6255
Вольногорск,48.4855,34.0230
Волноваха,47.6000,37.5000
Вольное,47.4500,37.1833
Вольнянск,47.9438,35.4354
Волочиск,49.5312,26.1718
Волочиск,49.5312,26.1718
Володарка,49.5167,29.9167
Володарск,50.5976,28.4430
Volodarskoye,47.2000,37.3333
Воловец,48.7132,23.1913
Воловец,48.5246,23.5056
Воля Dobrostanska,49.9000,23.6500
Воля Kholoyevska,50.2000,24.5167
Волынский,51.5598,31.3121
Vorochevo,48.7167,22.4500
Ворон,44.8902,34.8188
Воронков,50.2223,30.8997
Воронов,48.7500,25.3000
Вороново,48.8975,38.5728
Вороной,48.4667,37.4833
Ворошилов,48.3955,39.7593
Ворошиловский,47.8000,37.8333
Vorozhki,50.7675,34.3631
Ворзель,50.5444,30.1530
Восход,44.5173,34.2169
Voskresyntsi,48.5081,25.0706
Vovchkivtsi,48.4734,25.3918
Vovniga,48.1333,35.0833
Войкова,47.6754,38.1309
Voyskovoye,48.1667,35.1667
Вознесенка,46.8717,35.4646
Вознесенск,46.8717,35.4646
Вознесенск,47.5500,31.3333
Vvedenka,49.8272,36.5044
Вилок,48.1092,22.8387
Виноградов,48.1500,22.7667
Vyshchetarasivka,47.5685,34.8810
Вышгород,50.5848,30.4898
Вышгород,50.5848,30.4898
Вишневое,50.3891,30.3705
Высокой Vakulovka,49.3500,33.9167
Высокий,49.8711,36.0978
Vysokopillya,47.4833,33.5333
Vysokyy,49.8892,36.1321
Vеri,48.1221,22.7128
Яблонька,50.5500,30.2167
Яготин,50.2798,31.7625
Yahilnytsya,48.9428,25.7392
Яготинский,50.2798,31.7625
Яковлев,47.3755,30.6388
Яковлевка,48.0833,37.8167
Якубовский,49.1833,28.9500
Ялта,44.5001,34.1615
Ялта,44.5001,34.1615
Ялта,48.0500,36.7500
Ялта,44.5001,34.1615
Ялта,44.5001,34.1615
Янов,49.2117,25.7328
Яремче,48.4516,24.5544
Yarmaki,46.7500,33.4333
Ярмолинецкий,49.2000,26.8333
Ярошенко,48.9429,28.2374
Ярослава,46.0772,29.8750
Ясен,48.7431,24.1694
Ясиноватая,48.1298,37.8594
Ясиноватая,48.1298,37.8594
Ясиноватая,48.1298,37.8594
Ясиноватая,48.1298,37.8594
Ясиновский,48.1359,37.9485
Ясная Горка,48.7742,37.5540
Яворовский,49.9386,23.3825
Яворовский,48.2578,24.9849
Яворов,49.0167,22.9333
Еланец,47.6968,31.8525
Енакиево,48.2333,38.2114
Енакиево,48.2333,38.2114
Yeremeivka,49.6333,33.2500
Yevminka,50.8500,30.8333
Евпатория,45.2009,33.3665
Евпатория,45.2009,33.3665
Yulyevka,47.7000,35.4500
Yurovka,49.9431,27.7841
Южное,46.6245,31.1023
Южный,49.8855,36.0668
Заболотов,48.4705,25.2857
Zaborol,50.7445,25.2309
Zabrid,48.9167,22.4667
Zabuzhzhya,50.1167,24.3667
Zachepylivka,49.2000,35.2333
Zalanuv,49.4667,24.5333
Zalestsy,49.9667,25.6667
Zalesty,50.9167,25.1167
Залещики,48.6433,25.7379
Железнодорожное,47.6524,36.1652
Железнодорожное,45.7503,28.6153
Zaliztsi,49.7833,25.3667
Zalukva,49.1167,24.7000
Zalyutino,49.9764,36.1498
Замок,50.1632,23.6477
Замостье,44.9500,34.1000
Запорожье,48.1000,36.9833
Запорожье,47.8229,35.1903
Запорожье,46.9589,35.0403
Запорожье,47.5167,35.5667
Запорожье,47.2833,33.2000
Запорожье,47.6000,33.4000
Запорожье,47.8500,35.2833
Запорожье,48.3167,33.6167
Заря,45.5333,34.5000
Заря,46.7446,34.6502
Застава,46.4667,30.6500
Заставна,48.5231,25.8437
Затон,49.7667,33.7667
Завада,49.8000,23.1667
Завалье,48.2135,30.0156
Заверешица,49.8333,23.7000
Завод,50.6726,35.4140
Заворичи,50.7000,31.1333
Зазимые,50.5692,30.6732
Збараз,49.6636,25.7762
Збараж,49.6636,25.7762
Зборовский,49.6648,25.1410
Зборов,49.6648,25.1410
Здолбунов,50.5206,26.2425
Здолбунов,50.5206,26.2425
Здолбунов,50.5206,26.2425
Зеленодольск,47.5666,33.6505
Зеленый Колодезь,49.8478,36.4600
Зелин,51.6919,26.2060
Зеленая,48.3500,25.6333
Зеленая,48.3500,32.2500
Зеленовский,48.4594,33.4178
Жашков,49.2454,30.1102
Жданов,47.1057,37.5331
Ждановка,47.3055,33.4248
Железнодорожное,45.7503,28.6153
Железнодорожное,44.7171,33.8042
Железняк,50.8500,35.0167
Жидачев,49.3847,24.1425
Житомир,50.2649,28.6767
Житомир,50.2649,28.6767
Житомир,50.2649,28.6767
Житомир,50.2649,28.6767
Житомир,50.2649,28.6767
Житомир,50.2649,28.6767
Жмеринка,49.0371,28.1120
Жмеринка,49.0371,28.1120
Жмеринка,49.0371,28.1120
Жорнув,50.5167,25.9500
Жовква,50.0583,23.9726
Желтые Воды,48.3473,33.5003
Жовтневое,50.6500,24.2667
Октября,51.2067,29.3305
Жуков,49.5166,24.9390
Жукова,45.3708,36.6283
Жуковского,50.0549,36.2978
Жуляны,50.4000,30.4333
Жуляны,50.3928,30.4433
Zhurivka,50.5000,31.7833
Zhvirka,50.4660,24.2673
Житомир,50.2649,28.6767
Житомир,50.2649,28.6767
Житомир,50.2649,28.6767
Зинкив,50.2081,34.3638
Змиев,49.6966,36.3611
Змиев,49.6966,36.3611
Змиев,49.6966,36.3611
Змиевская,49.6966,36.3611
Знаменка,49.7629,35.7529
Знаменка,48.7128,32.6647
Знаменка,48.8500,37.3667
Знаменка,48.7128,32.6647
Зносичи,51.2148,26.6975
Золочев,50.2798,35.9818
Золочевский,50.2798,35.9818
Золочевский,49.8060,24.8944
Золотая,45.4297,36.0856
Золотоноша,49.6689,32.0377
Золотое,48.6926,38.5146
Зоринск,48.4119,38.6236
Зоря,45.9833,29.7000
Зубра,49.7645,24.0563
Зугрэс,48.0114,38.2644
Зугрэс,48.0114,38.2644
Зуя,45.0531,34.3154
Звенигородка,49.0787,30.9675
